GeoFIPS,GeoName,Region,TableName,LineCode,IndustryClassification,Description,Unit,1969,1970,1971,1972,1973,1974,1975,1976,1977,1978,1979,1980,1981,1982,1983,1984,1985,1986,1987,1988,1989,1990,1991,1992,1993,1994,1995,1996,1997,1998,1999,2000,2001,2002,2003,2004,2005,2006,2007,2008,2009,2010,2011,2012,2013,2014,2015,2016,2017,2018,2019,2020,2021,2022,2023,2024
 "06000","California",8,CAINC1,1,"...","Personal income (thousands of dollars) ","Thousands of dollars",92160048,99417462,105987186,116351066,127777265,142507421,157639903,174924788,194032902,220640055,250181567,284416652,319356852,342144678,369925812,410321649,443888531,476484468,511613010,557618023,600193593,643623777,666607620,702023479,719014905,741651785,779604724,828147235,876440299,953360541,1022682748,1127550078,1169366357,1187280934,1240604169,1315172209,1387883820,1493216996,1561307156,1588294546,1539818660,1609997470,1713428004,1814763034,1840885251,1955718006,2097049575,2191138011,2295048653,2411055136,2539747399,2770488779,3019215724,3021645501,3182779295,3400237317
 "06000","California",8,CAINC1,2,"...","Population (persons) 1/","Number of persons",19711000,20023181,20345575,20584794,20867737,21172548,21536715,21934505,22350247,22838960,23255069,23800800,24285933,24820007,25360023,25844397,26441107,27102238,27777160,28464250,29218165,29959515,30470736,30974659,31274928,31484435,31696582,32018834,32486010,32987675,33499204,33987977,34479458,34871843,35253159,35574576,35827943,36021202,36250311,36604337,36961229,37322523,37651212,37971412,38292557,38637421,38966939,39223789,39424315,39535920,39547995,39521958,39142565,39142414,39198693,39431263
 "06000","California",8,CAINC1,3,"...","Per capita personal income (dollars) 2/","Dollars",4676,4965,5209,5652,6123,6731,7320,7975,8681,9661,10758,11950,13150,13785,14587,15877,16788,17581,18418,19590,20542,21483,21877,22664,22990,23556,24596,25864,26979,28901,30529,33175,33915,34047,35191,36969,38737,41454,43070,43391,41660,43137,45508,47793,48074,50617,53816,55862,58214,60984,64219,70100,77134,77196,81196,86232
 "06001","Alameda, CA",8,CAINC1,1,"...","Personal income (thousands of dollars) ","Thousands of dollars",4991979,5413615,5748044,6256221,6646967,7316446,8047585,8852592,9627922,10741959,11896051,13394244,15059491,16069252,17487701,19443806,21028968,22265959,23511230,25571861,27649841,29591400,30573371,32111729,33103404,34139761,36229042,38828277,41127697,44958856,48991374,56279293,57736359,57113565,58133943,59956558,61871945,66581282,69510993,71421770,68773015,72075011,77301332,81435436,85777177,92038123,101231136,108327158,115789437,124671796,134683858,148199107,162177784,163748943,171119975,183486862
 "06001","Alameda, CA",8,CAINC1,2,"...","Population (persons) 1/","Number of persons",1060099,1073505,1084483,1099590,1089330,1092233,1090869,1098146,1099851,1103717,1099272,1109931,1125950,1140269,1160694,1179132,1197401,1215506,1229319,1251100,1271443,1306166,1318543,1332208,1339189,1341707,1346548,1359099,1380383,1405903,1427114,1449840,1469484,1462106,1454163,1445721,1441545,1444484,1455715,1477208,1498539,1513413,1532981,1557493,1584943,1614744,1643103,1661218,1671949,1680392,1683879,1680614,1643856,1635693,1638142,1649060
 "06001","Alameda, CA",8,CAINC1,3,"...","Per capita personal income (dollars) 2/","Dollars",4709,5043,5300,5690,6102,6699,7377,8061,8754,9733,10822,12068,13375,14093,15067,16490,17562,18318,19125,20440,21747,22655,23187,24104,24719,25445,26905,28569,29794,31979,34329,38818,39290,39063,39978,41472,42921,46093,47750,48349,45893,47624,50425,52286,54120,56999,61610,65209,69254,74192,79984,88182,98657,100110,104460,111268
 "06003","Alpine, CA",8,CAINC1,1,"...","Personal income (thousands of dollars) ","Thousands of dollars",2003,2261,2634,3373,3715,3930,4408,5731,6072,7891,9338,10319,11631,12400,13694,14094,14687,15130,15797,18870,20676,20186,18124,18241,20979,22447,23962,26015,27392,28647,30410,33411,40382,41648,43149,41160,40939,41632,45112,45347,45989,48691,59552,63498,63059,68364,71467,77273,80393,85025,93899,89328,89807,81025,88360,96872
 "06003","Alpine, CA",8,CAINC1,2,"...","Population (persons) 1/","Number of persons",398,508,584,702,671,730,785,817,890,983,1160,1104,1131,1145,1119,1092,1156,1197,1141,1162,1161,1106,1162,1154,1196,1199,1246,1262,1239,1223,1205,1209,1196,1237,1233,1263,1219,1276,1274,1202,1197,1164,1105,1132,1160,1122,1128,1110,1183,1157,1198,1179,1203,1169,1126,1099
 "06003","Alpine, CA",8,CAINC1,3,"...","Per capita personal income (dollars) 2/","Dollars",5033,4451,4510,4805,5537,5384,5615,7015,6822,8027,8050,9347,10284,10830,12238,12907,12705,12640,13845,16239,17809,18251,15597,15807,17541,18721,19231,20614,22108,23424,25237,27635,33764,33669,34995,32589,33584,32627,35410,37726,38420,41831,53893,56094,54361,60930,63357,69615,67957,73487,78380,75766,74653,69311,78472,88146
 "06005","Amador, CA",8,CAINC1,1,"...","Personal income (thousands of dollars) ","Thousands of dollars",47391,52052,57221,63717,73443,83961,95034,108959,125334,146550,170528,190737,207895,222621,247324,281223,308120,335670,374194,418658,454798,491258,537322,567413,595027,609228,644456,680417,678788,727293,770589,851975,944830,998783,1048520,1113534,1134279,1206891,1270521,1296228,1263463,1300768,1309908,1325416,1336888,1399961,1481210,1519574,1602167,1660611,1759900,1920057,2063918,2000871,2116519,2256906
 "06005","Amador, CA",8,CAINC1,2,"...","Population (persons) 1/","Number of persons",11240,11969,12542,12741,13521,14571,15091,15270,16239,17300,18591,19499,20205,20605,21103,21821,22659,23375,24531,27077,28939,30302,31741,32289,32803,33210,33549,33841,34107,34116,34903,35153,35697,36561,36994,37400,38040,38353,38756,38248,38238,37893,37593,37201,36763,36916,37263,37711,38859,39702,40089,40584,41245,41486,41798,42026
 "06005","Amador, CA",8,CAINC1,3,"...","Per capita personal income (dollars) 2/","Dollars",4216,4349,4562,5001,5432,5762,6297,7135,7718,8471,9173,9782,10289,10804,11720,12888,13598,14360,15254,15462,15716,16212,16928,17573,18139,18345,19209,20106,19902,21318,22078,24236,26468,27318,28343,29774,29818,31468,32783,33890,33042,34327,34844,35629,36365,37923,39750,40295,41230,41827,43900,47311,50040,48230,50637,53703
 "06007","Butte, CA",8,CAINC1,1,"...","Personal income (thousands of dollars) ","Thousands of dollars",352188,381579,415603,461533,536861,630119,699800,766349,861046,974489,1130623,1321327,1467012,1532373,1647991,1801550,1945601,2078259,2247596,2466028,2660747,2872522,3056106,3237077,3336713,3476118,3584303,3790496,4008690,4195559,4388974,4708483,5102640,5243959,5481124,5827903,6028351,6459357,6807003,6966490,7003765,7254896,7394936,7606689,7807319,8138129,8782120,9126674,9423550,9718118,9925301,10793250,11566169,11255350,11828606,12748115
 "06007","Butte, CA",8,CAINC1,2,"...","Population (persons) 1/","Number of persons",101057,102682,105916,112775,113223,117295,121626,125377,129470,131797,138531,144828,148451,151913,154263,156791,160680,163233,166970,171909,176583,183652,187678,190409,192831,194648,196083,196327,197994,199993,201282,203807,206193,209120,211481,213065,214752,216824,217469,219034,219777,219883,219639,220257,220755,222355,223198,224502,226704,228059,216181,210222,206351,207384,207354,208334
 "06007","Butte, CA",8,CAINC1,3,"...","Per capita personal income (dollars) 2/","Dollars",3485,3716,3924,4093,4742,5372,5754,6112,6651,7394,8162,9123,9882,10087,10683,11490,12109,12732,13461,14345,15068,15641,16284,17001,17304,17858,18280,19307,20247,20979,21805,23103,24747,25076,25918,27353,28071,29791,31301,31806,31868,32994,33669,34536,35366,36600,39347,40653,41568,42612,45912,51342,56051,54273,57045,61191
 "06009","Calaveras, CA",8,CAINC1,1,"...","Personal income (thousands of dollars) ","Thousands of dollars",48367,53990,57281,65528,73443,80152,90631,103094,116195,137840,155293,186819,211073,224444,254799,295716,327325,354721,394815,438780,513475,557643,592534,626136,663652,684831,713262,773835,811260,884276,943714,1047345,1150560,1211801,1299263,1372152,1429613,1530682,1624320,1669181,1633360,1669670,1689688,1668101,1673573,1759276,1897268,1967729,2060809,2126248,2265563,2454936,2624840,2611368,2749333,2978686
 "06009","Calaveras, CA",8,CAINC1,2,"...","Population (persons) 1/","Number of persons",13328,13658,13918,14241,14798,15185,15205,15694,16709,18301,19777,20916,21700,22778,23530,24196,24870,25854,27194,28248,30071,32542,34023,35233,35943,37073,37700,38441,39098,39581,40000,40645,41304,42380,43755,44530,45295,46045,46268,46265,45900,45442,45033,44588,44328,44246,44440,44674,44923,44911,45181,45350,46262,46544,46580,46505
 "06009","Calaveras, CA",8,CAINC1,3,"...","Per capita personal income (dollars) 2/","Dollars",3629,3953,4116,4601,4963,5278,5961,6569,6954,7532,7852,8932,9727,9854,10829,12222,13161,13720,14518,15533,17075,17136,17416,17771,18464,18473,18919,20130,20749,22341,23593,25768,27856,28594,29694,30814,31562,33243,35107,36079,35585,36743,37521,37411,37754,39761,42693,44046,45874,47344,50144,54133,56739,56105,59024,64051
 "06011","Colusa, CA",8,CAINC1,1,"...","Personal income (thousands of dollars) ","Thousands of dollars",71938,70572,73203,81932,108333,152063,140803,92610,122237,125226,153981,181954,191848,172909,166580,197577,231416,214342,247450,271303,299602,303951,307188,333069,367886,364273,393817,421064,425089,406343,480746,484777,469915,464369,540103,543271,555046,574216,676757,806840,865727,863987,860642,782405,842509,741237,838573,891925,896350,986398,971525,1232273,1306611,1264194,1354203,1360993
 "06011","Colusa, CA",8,CAINC1,2,"...","Population (persons) 1/","Number of persons",12334,12416,12350,12161,12241,12426,12620,12833,12764,12707,12939,12875,13184,13872,14109,14159,14701,14930,14972,15494,16004,16335,16572,16834,16997,17252,17584,17909,18262,18419,18620,18817,19022,19232,19568,20207,20540,20890,21075,21134,21250,21442,21350,21338,21331,21276,21356,21653,21762,21622,21735,21868,21931,21952,22093,22074
 "06011","Colusa, CA",8,CAINC1,3,"...","Per capita personal income (dollars) 2/","Dollars",5832,5684,5927,6737,8850,12237,11157,7217,9577,9855,11901,14132,14552,12465,11807,13954,15742,14356,16528,17510,18720,18607,18537,19785,21644,21115,22396,23511,23277,22061,25819,25763,24704,24146,27601,26885,27023,27488,32112,38177,40740,40294,40311,36667,39497,34839,39266,41192,41189,45620,44699,56351,59578,57589,61296,61656
 "06013","Contra Costa, CA",8,CAINC1,1,"...","Personal income (thousands of dollars) ","Thousands of dollars",2787828,2977495,3207997,3523498,3825193,4297142,4837131,5410096,6028523,6863527,7829899,9059934,10184628,10948825,12013184,13310476,14459457,15624118,16812595,18449985,19923349,21204615,22143343,23884638,25014117,26046809,27607041,29674879,32141174,34954114,37686611,42806127,45391841,45064007,46373658,49180066,51823485,55795766,58024913,59622773,55964412,56462776,61049539,65948405,66250960,69479371,75811060,80449066,86335914,91160536,93567981,102439116,110305857,112103932,118755806,126945239
 "06013","Contra Costa, CA",8,CAINC1,2,"...","Population (persons) 1/","Number of persons",546362,556814,563371,567619,573982,581729,589053,601223,614961,626070,642832,658783,667293,678903,690150,698814,711446,725367,739987,759242,784395,809317,823183,839768,852532,861979,872075,884227,903049,921663,936983,952810,970952,979862,987531,992424,999013,1000834,1009152,1023344,1037890,1052827,1066922,1080252,1097315,1113976,1130708,1145072,1154685,1161151,1164443,1166165,1163813,1160296,1162179,1172607
 "06013","Contra Costa, CA",8,CAINC1,3,"...","Per capita personal income (dollars) 2/","Dollars",5103,5347,5694,6208,6664,7387,8212,8998,9803,10963,12180,13753,15263,16127,17407,19047,20324,21540,22720,24301,25400,26201,26900,28442,29341,30217,31657,33560,35592,37925,40221,44926,46750,45990,46959,49555,51875,55749,57499,58263,53921,53630,57220,61049,60376,62371,67047,70257,74770,78509,80354,87843,94780,96617,102184,108259
 "06015","Del Norte, CA",8,CAINC1,1,"...","Personal income (thousands of dollars) ","Thousands of dollars",54540,58809,64960,71700,78529,86327,94539,106229,117924,136445,151696,174059,181590,171644,183790,198199,205140,216501,229328,256877,280571,334367,362425,384712,403098,416085,429349,434332,455538,485626,500410,519814,515630,518205,554963,606746,622620,664010,702264,736807,743361,781326,801110,804556,819593,852254,895103,929522,934261,967786,1011444,1145076,1232056,1202924,1246696,1354335
 "06015","Del Norte, CA",8,CAINC1,2,"...","Population (persons) 1/","Number of persons",14224,14634,14985,15021,15419,15579,16059,16295,16828,17728,17915,18338,18789,18571,18704,18505,18701,19087,19526,20308,21270,23986,27012,27306,27942,28105,27802,27981,28340,28187,27624,27440,27292,27397,27601,27950,28281,28211,28415,28496,28599,28562,28418,28144,27747,27085,27078,27272,27217,27604,27691,27616,27581,26758,26571,27009
 "06015","Del Norte, CA",8,CAINC1,3,"...","Per capita personal income (dollars) 2/","Dollars",3834,4019,4335,4773,5093,5541,5887,6519,7008,7697,8468,9492,9665,9243,9826,10711,10969,11343,11745,12649,13191,13940,13417,14089,14426,14805,15443,15522,16074,17229,18115,18944,18893,18915,20107,21708,22015,23537,24715,25857,25993,27355,28190,28587,29538,31466,33056,34083,34326,35060,36526,41464,44670,44956,46919,50144
 "06017","El Dorado, CA",8,CAINC1,1,"...","Personal income (thousands of dollars) ","Thousands of dollars",185399,207258,237154,275555,322781,367145,433672,499863,577819,694801,797261,928126,1040498,1112471,1226454,1384893,1542288,1713870,1879789,2101872,2367862,2611370,2820758,3087540,3250814,3521387,3800847,4114754,4443793,4832070,5318325,5817764,6192413,6412329,6670152,7108864,7518227,8008610,8309257,8635567,8422629,8735037,9102802,9446675,9741664,10253863,10805487,11479612,11874184,12509360,13204691,14155885,15400735,15443750,16328505,17268166
 "06017","El Dorado, CA",8,CAINC1,2,"...","Population (persons) 1/","Number of persons",43168,44389,46046,48509,52713,55614,58416,62534,67014,73670,80658,86557,89367,92428,93434,95371,99093,102450,106852,112687,118828,127952,132724,136014,139646,142088,144574,146863,149589,152308,154381,157162,161101,165195,168331,171653,175003,176773,177694,179150,180455,181113,180727,180188,180915,182354,183635,184846,187423,189366,191309,191250,193724,193071,192440,192823
 "06017","El Dorado, CA",8,CAINC1,3,"...","Per capita personal income (dollars) 2/","Dollars",4295,4669,5150,5680,6123,6602,7424,7993,8622,9431,9884,10723,11643,12036,13126,14521,15564,16729,17592,18652,19927,20409,21253,22700,23279,24783,26290,28018,29707,31726,34449,37018,38438,38817,39625,41414,42961,45304,46762,48203,46674,48230,50368,52427,53847,56231,58842,62104,63355,66059,69023,74018,79498,79990,84850,89554
 "06019","Fresno, CA",8,CAINC1,1,"...","Personal income (thousands of dollars) ","Thousands of dollars",1500510,1653102,1799992,2036193,2339957,2740807,2963789,3397744,3628639,4040140,4792411,5542361,5807285,6123544,6445527,7113502,7643191,8157589,8884599,9566290,10370017,11303948,11862727,12608219,13348277,13661123,14205895,14842295,15261271,16165777,17127818,18484717,19073727,20421046,21910996,23181267,24077832,25753508,27140658,27702269,27806136,29066562,30713635,31502991,32824378,35044607,37251040,38323050,39208890,40504743,42845932,48784407,52726887,51990282,54448091,58972823
 "06019","Fresno, CA",8,CAINC1,2,"...","Population (persons) 1/","Number of persons",408304,414886,424697,431918,439865,449886,464183,477162,489016,497564,506332,517679,528891,541500,555873,572091,584070,593621,608831,627658,650755,672302,691569,710263,726859,739835,749534,761409,771391,778615,789405,801288,813021,829762,847193,861035,872470,883862,895933,909630,921478,932202,940206,946501,953630,963323,972906,981015,990274,997611,1004925,1009613,1012879,1017107,1019899,1024125
 "06019","Fresno, CA",8,CAINC1,3,"...","Per capita personal income (dollars) 2/","Dollars",3675,3984,4238,4714,5320,6092,6385,7121,7420,8120,9465,10706,10980,11308,11595,12434,13086,13742,14593,15241,15935,16814,17153,17751,18364,18465,18953,19493,19784,20762,21697,23069,23460,24611,25863,26923,27597,29137,30293,30454,30176,31181,32667,33284,34420,36379,38288,39065,39594,40602,42636,48320,52056,51116,53386,57584
 "06021","Glenn, CA",8,CAINC1,1,"...","Personal income (thousands of dollars) ","Thousands of dollars",71156,73813,78182,92399,120824,144255,142714,130642,147493,170263,209199,256576,254575,249117,236054,266203,286091,283670,319167,341701,349466,368310,369464,409603,432736,435087,424577,473887,491884,472752,502897,520864,567327,577723,610076,663933,681892,679217,811478,840412,868989,903645,960396,977473,1060368,1022151,1090813,1129760,1143898,1206997,1249518,1435156,1505763,1477598,1552265,1650270
 "06021","Glenn, CA",8,CAINC1,2,"...","Population (persons) 1/","Number of persons",17207,17486,17396,17518,18260,18522,19150,19687,20109,20038,20991,21498,22050,22346,22873,22835,23171,23214,23318,23844,24428,24919,25181,25510,25663,25796,26040,26170,26270,26185,26332,26416,26450,26651,27016,27122,27393,27652,27775,28019,28100,28139,28203,27966,27971,28047,28025,28156,28294,28374,28977,28889,28714,28371,28190,28304
 "06021","Glenn, CA",8,CAINC1,3,"...","Per capita personal income (dollars) 2/","Dollars",4135,4221,4494,5275,6617,7788,7452,6636,7335,8497,9966,11935,11545,11148,10320,11658,12347,12220,13688,14331,14306,14780,14672,16057,16862,16866,16305,18108,18724,18054,19098,19718,21449,21677,22582,24480,24893,24563,29216,29994,30925,32114,34053,34952,37910,36444,38923,40125,40429,42539,43121,49678,52440,52081,55064,58305
 "06023","Humboldt, CA",8,CAINC1,1,"...","Personal income (thousands of dollars) ","Thousands of dollars",390205,410869,449546,484634,538295,592976,650730,735707,802633,882256,969804,1072033,1136903,1167698,1256923,1345970,1419331,1516976,1606617,1724260,1868531,1957257,2037273,2141078,2230071,2303042,2381551,2527171,2643358,2810256,2871176,3016505,3287294,3390128,3614100,3848662,3923861,4132175,4256504,4353307,4424978,4792688,4860509,4880568,4954797,5177816,5515128,5709430,5894662,6029582,6266157,6835069,7297188,7272378,7526646,8211600
 "06023","Humboldt, CA",8,CAINC1,2,"...","Population (persons) 1/","Number of persons",98868,99708,100115,103038,104378,105501,104239,105158,106256,107430,107777,108931,110338,109889,109638,110275,111050,111702,112818,114774,117161,119746,121375,123032,124147,123990,125927,126162,127086,127087,126676,126462,127520,128780,129754,130702,131497,132093,132001,132657,133744,135039,135405,134864,134832,135060,135800,137219,137570,137481,136936,136324,134978,135013,134009,132380
 "06023","Humboldt, CA",8,CAINC1,3,"...","Per capita personal income (dollars) 2/","Dollars",3947,4121,4490,4703,5157,5621,6243,6996,7554,8212,8998,9841,10304,10626,11464,12206,12781,13581,14241,15023,15948,16345,16785,17403,17963,18574,18912,20031,20800,22113,22666,23853,25779,26325,27853,29446,29840,31282,32246,32816,33085,35491,35896,36189,36748,38337,40612,41608,42848,43858,45760,50138,54062,53864,56165,62031
 "06025","Imperial, CA",8,CAINC1,1,"...","Personal income (thousands of dollars) ","Thousands of dollars",284148,299115,301362,384220,425947,488692,523162,581199,603258,656466,929247,892750,937763,1039080,1100685,1126580,1123275,1161130,1361218,1567808,1688119,1788952,1875359,2014568,2261329,2283722,2359013,2343970,2438612,2618686,2713480,2721238,2977969,3349019,3483389,3582583,3761791,4066254,4323904,4719809,4793296,5087461,5484146,5541036,5743731,5990271,6439648,6323414,6428926,6353010,6768896,8348474,8705994,8345166,8712870,9470869
 "06025","Imperial, CA",8,CAINC1,2,"...","Population (persons) 1/","Number of persons",73604,74795,74931,75869,79648,81526,82989,85264,86981,88474,90086,92584,94301,95688,96890,97475,99199,98885,100077,101881,105166,110839,117143,123823,132758,134315,136986,137987,138624,139615,141056,142410,143707,145640,148984,152259,156113,160505,164596,167917,172008,174685,175635,176314,176052,177459,178297,179400,180693,180428,179727,179730,179206,179767,180585,181724
 "06025","Imperial, CA",8,CAINC1,3,"...","Per capita personal income (dollars) 2/","Dollars",3860,3999,4022,5064,5348,5994,6304,6816,6936,7420,10315,9643,9944,10859,11360,11558,11323,11742,13602,15389,16052,16140,16009,16270,17033,17003,17221,16987,17592,18756,19237,19108,20723,22995,23381,23530,24097,25334,26270,28108,27867,29124,31225,31427,32625,33756,36118,35248,35579,35211,37662,46450,48581,46422,48248,52117
 "06027","Inyo, CA",8,CAINC1,1,"...","Personal income (thousands of dollars) ","Thousands of dollars",58457,64784,71180,79725,85713,94205,105798,114992,124199,142494,162989,185018,208620,216653,229957,239714,246458,253051,258014,289646,319175,333301,344800,353464,366349,371498,384624,398832,413715,435211,450551,458177,541461,549775,581184,638803,666955,708558,728802,774484,767036,786335,807016,840983,854034,907544,947306,1011375,1041240,1024203,1089054,1135777,1158004,1124081,1257334,1345078
 "06027","Inyo, CA",8,CAINC1,2,"...","Population (persons) 1/","Number of persons",15417,15626,15799,15491,16344,16653,16879,17032,17226,16509,17748,17914,17954,18410,18420,18203,18083,17862,17794,17946,18317,18272,18312,18372,18337,18431,18395,18311,18241,18036,17968,17955,18117,18394,18593,18578,18478,18370,18426,18318,18544,18527,18505,18560,18659,18688,18601,18497,18515,18685,18881,18999,18920,18745,18548,18485
 "06027","Inyo, CA",8,CAINC1,3,"...","Per capita personal income (dollars) 2/","Dollars",3792,4146,4505,5147,5244,5657,6268,6752,7210,8631,9184,10328,11620,11768,12484,13169,13629,14167,14500,16140,17425,18241,18829,19239,19979,20156,20909,21781,22680,24130,25075,25518,29887,29889,31258,34385,36095,38571,39553,42280,41363,42443,43611,45312,45771,48563,50928,54678,56238,54814,57680,59781,61205,59967,67788,72766
 "06029","Kern, CA",8,CAINC1,1,"...","Personal income (thousands of dollars) ","Thousands of dollars",1273392,1357079,1464866,1593327,1818667,2156400,2343300,2763966,2921259,3216417,3830222,4499771,4818599,5251641,5469058,6023448,6465055,6901112,7142678,7846773,8359689,9088299,9712261,10185890,10674838,10918343,11312751,11922153,12275494,13023767,13436155,14247370,15112815,16043891,17124257,18395999,19804585,21411340,23183294,23890508,23733721,25809681,27307412,28877595,29679549,31577551,32173940,32048150,32666174,33813117,35612628,40423694,42880516,41543441,43497072,46717492
 "06029","Kern, CA",8,CAINC1,2,"...","Population (persons) 1/","Number of persons",325549,330868,336227,336833,343007,344840,356866,366932,372217,377990,393198,406407,418877,433698,446961,459411,474243,486217,497910,510980,527922,549535,569346,589897,599843,614707,620201,626719,634695,643016,655428,663803,676574,694059,714272,736296,760726,784511,803281,818327,830137,841561,849631,856159,865279,873174,880669,886002,893009,900095,906160,906124,912782,917293,916646,922529
 "06029","Kern, CA",8,CAINC1,3,"...","Per capita personal income (dollars) 2/","Dollars",3912,4102,4357,4730,5302,6253,6566,7533,7848,8509,9741,11072,11504,12109,12236,13111,13632,14193,14345,15356,15835,16538,17059,17267,17796,17762,18240,19023,19341,20254,20500,21463,22337,23116,23974,24985,26034,27293,28861,29194,28590,30669,32140,33729,34301,36164,36534,36172,36580,37566,39301,44612,46978,45289,47452,50641
 "06031","Kings, CA",8,CAINC1,1,"...","Personal income (thousands of dollars) ","Thousands of dollars",240790,265191,278879,314305,345342,437143,445741,532959,531403,525109,684405,847075,828481,892023,859217,998903,1006381,1007409,1155634,1243284,1381336,1393415,1496715,1629712,1718643,1781393,1801184,1927687,1971334,1999312,2137468,2256782,2454775,2728925,3081153,3331631,3434580,3473368,3995536,3873560,3729952,4013295,4447898,4318502,4452325,4899529,4906911,5097044,5290349,5296250,5554037,6340628,6709291,6613040,6796223,7392211
 "06031","Kings, CA",8,CAINC1,2,"...","Population (persons) 1/","Number of persons",65647,66570,66450,68161,68308,69067,70590,71708,72467,73556,73562,74265,76229,78213,81138,83004,85205,86372,88032,94510,99850,101885,104334,107414,109161,111565,113840,115411,116769,121457,126402,129835,132881,135369,139393,143601,145147,147712,150420,152027,152278,152335,151740,150814,150135,149239,149795,149073,149314,150962,152437,152797,152724,152776,153281,154913
 "06031","Kings, CA",8,CAINC1,3,"...","Per capita personal income (dollars) 2/","Dollars",3668,3984,4197,4611,5056,6329,6315,7432,7333,7139,9304,11406,10868,11405,10590,12034,11811,11664,13127,13155,13834,13676,14345,15172,15744,15967,15822,16703,16882,16461,16910,17382,18473,20159,22104,23201,23663,23514,26563,25479,24494,26345,29313,28635,29655,32830,32758,34192,35431,35083,36435,41497,43931,43286,44338,47718
 "06033","Lake, CA",8,CAINC1,1,"...","Personal income (thousands of dollars) ","Thousands of dollars",72377,79809,88263,100223,118046,134168,156373,178147,206512,248026,289843,350352,401468,448011,495570,549973,590295,640177,668584,713189,803141,857858,929848,971683,1003759,1034434,1057698,1129988,1167028,1247344,1310496,1392102,1493134,1583129,1635390,1676868,1705183,1802981,1873493,1905630,1911266,2014781,2034252,2072300,2119199,2241684,2366677,2422965,2547917,2625869,2726268,2998383,3224235,3123439,3282773,3564760
 "06033","Lake, CA",8,CAINC1,2,"...","Population (persons) 1/","Number of persons",18799,19805,20929,21839,23471,24131,25629,27425,29580,32228,34740,36831,38623,39991,41805,43812,45494,46135,47139,47911,48942,51149,53036,54358,55492,56097,56265,56331,56275,56695,57214,58538,60219,61513,62496,63116,63811,64202,64077,64392,64413,64827,64713,64785,64994,65602,66176,66187,66770,67396,67829,68200,68623,68239,67934,67764
 "06033","Lake, CA",8,CAINC1,3,"...","Per capita personal income (dollars) 2/","Dollars",3850,4030,4217,4589,5029,5560,6101,6496,6981,7696,8343,9512,10395,11203,11854,12553,12975,13876,14183,14886,16410,16772,17532,17876,18088,18440,18799,20060,20738,22001,22905,23781,24795,25736,26168,26568,26722,28083,29238,29594,29672,31079,31435,31987,32606,34171,35763,36608,38160,38962,40193,43965,46985,45772,48323,52606
 "06035","Lassen, CA",8,CAINC1,1,"...","Personal income (thousands of dollars) ","Thousands of dollars",67368,71748,79170,83128,93102,96098,113632,129147,139038,162228,184251,201589,213314,233034,245530,265345,283034,302146,314002,335359,358837,378220,413270,450666,461814,494120,513736,543155,556536,581586,608587,627025,641188,674234,717821,747289,768805,823757,886976,942152,921250,962390,976210,962323,940872,967576,1015521,1046637,1056481,1072008,1084294,1228249,1301988,1248927,1261957,1383512
 "06035","Lassen, CA",8,CAINC1,2,"...","Population (persons) 1/","Number of persons",16611,16866,17231,17652,17644,18168,18596,18643,19352,19963,21137,21851,22570,23370,23558,23830,24128,24639,26051,26681,27334,27666,28001,28603,28774,28544,28825,31874,34123,34030,33838,33719,33548,33430,33930,34458,34488,34605,35615,35221,35160,34891,34552,34193,32953,32744,32589,32302,32760,32753,33043,32319,31884,30401,28838,28340
 "06035","Lassen, CA",8,CAINC1,3,"...","Per capita personal income (dollars) 2/","Dollars",4056,4254,4595,4709,5277,5289,6111,6927,7185,8126,8717,9226,9451,9972,10422,11135,11731,12263,12053,12569,13128,13671,14759,15756,16050,17311,17823,17041,16310,17090,17985,18596,19113,20169,21156,21687,22292,23805,24905,26750,26202,27583,28253,28144,28552,29550,31161,32402,32249,32730,32815,38004,40835,41082,43760,48818
 "06037","Los Angeles, CA",8,CAINC1,1,"...","Personal income (thousands of dollars) ","Thousands of dollars",33686644,35629674,37121848,40108100,43160005,47427380,51826029,56997723,62721460,70963500,79718454,89465702,100434385,106958650,114753419,126191783,135943631,145190479,156061486,167476986,176957267,190944513,193474105,201705385,202979701,207657380,215673355,226737121,236496701,257401034,270247679,285558743,296318538,304203926,318943378,337811867,358240314,387413828,405131051,416005884,403524100,420356279,448886977,477907190,475453288,503099674,535960148,554158129,573348398,595765931,629245755,678659849,721712800,728349845,766331882,818509319
 "06037","Los Angeles, CA",8,CAINC1,2,"...","Population (persons) 1/","Number of persons",6989910,7042756,7103651,7056632,7040446,7085800,7116806,7211683,7251637,7351757,7401021,7506544,7608796,7767422,7920955,8041685,8182906,8393640,8553844,8667680,8793710,8878157,8948125,9055424,9100159,9096608,9089015,9127042,9206538,9313589,9437290,9538191,9626034,9705913,9767145,9793263,9786373,9737955,9700359,9735147,9787400,9822769,9879322,9941529,10001824,10052585,10100900,10123015,10125014,10098683,10053252,9996634,9809239,9748447,9731837,9757179
 "06037","Los Angeles, CA",8,CAINC1,3,"...","Per capita personal income (dollars) 2/","Dollars",4819,5059,5226,5684,6130,6693,7282,7904,8649,9653,10771,11918,13200,13770,14487,15692,16613,17298,18245,19322,20123,21507,21622,22275,22305,22828,23729,24842,25688,27637,28636,29938,30783,31342,32655,34494,36606,39784,41765,42732,41229,42794,45437,48072,47537,50047,53061,54742,56627,58994,62591,67889,73575,74714,78745,83888
 "06039","Madera, CA",8,CAINC1,1,"...","Personal income (thousands of dollars) ","Thousands of dollars",142509,157504,172911,203344,252612,288523,303984,351479,404651,443859,599779,679437,666134,687563,699726,779800,830338,922016,1046436,1133167,1220935,1330429,1419620,1602125,1663578,1698345,1726961,1883944,2018407,2102992,2229722,2332803,2524143,2729631,2924881,3244606,3385176,3576915,3914631,3928264,3819644,4245578,4446463,4674829,4840670,5167474,5246433,5497117,5687523,5815299,6074666,6896835,7624891,7371293,7691441,8474319
 "06039","Madera, CA",8,CAINC1,2,"...","Population (persons) 1/","Number of persons",41079,41707,42754,43223,44458,46071,47917,49699,52777,55741,60169,63961,67214,69240,71504,72996,75118,76960,79003,81762,84797,89125,94973,99536,104039,107396,109300,113143,116442,119143,121883,123587,125581,128369,132738,137106,140313,143622,146067,148359,149234,150972,151517,151216,150857,152783,152739,152851,154100,155260,155469,156434,159019,160414,163402,165432
 "06039","Madera, CA",8,CAINC1,3,"...","Per capita personal income (dollars) 2/","Dollars",3469,3776,4044,4705,5682,6263,6344,7072,7667,7963,9968,10623,9911,9930,9786,10683,11054,11980,13246,13859,14398,14928,14948,16096,15990,15814,15800,16651,17334,17651,18294,18876,20100,21264,22035,23665,24126,24905,26800,26478,25595,28122,29346,30915,32088,33822,34349,35964,36908,37455,39073,44088,47950,45952,47071,51225
 "06041","Marin, CA",8,CAINC1,1,"...","Personal income (thousands of dollars) ","Thousands of dollars",1233473,1319908,1421836,1581155,1728807,1889287,2109152,2349280,2589028,2959686,3370916,3942969,4454749,4803918,5230889,5666689,6015872,6323635,6548779,7195754,7592696,7962509,8410186,9036675,9532898,10101657,10822083,11625336,12517655,14090044,15227158,16959669,18197671,17440350,17522355,18652403,19544691,21100964,21751901,22187292,20512937,21062194,22828237,24416303,24806255,26755509,28764641,29825203,31324429,33770671,35941360,38007035,42948119,43330639,46196076,48944339
 "06041","Marin, CA",8,CAINC1,2,"...","Population (persons) 1/","Number of persons",203506,208245,207014,207699,215802,211584,216965,220963,223289,223558,222870,222944,223911,223426,223972,223232,222459,224013,224938,226013,229176,230522,233443,235820,238040,239032,239195,238705,241797,244706,246269,247520,247866,246225,245054,243769,244206,244580,246248,248398,250862,253015,255926,257071,259862,262261,263269,263455,263145,263698,263129,261341,259254,257143,255706,256400
 "06041","Marin, CA",8,CAINC1,3,"...","Per capita personal income (dollars) 2/","Dollars",6061,6338,6868,7613,8011,8929,9721,10632,11595,13239,15125,17686,19895,21501,23355,25385,27043,28229,29114,31838,33130,34541,36027,38320,40047,42261,45244,48702,51769,57579,61831,68518,73417,70831,71504,76517,80034,86274,88333,89322,81770,83245,89199,94979,95459,102019,109260,113208,119039,128066,136592,145431,165660,168508,180661,190891
 "06043","Mariposa, CA",8,CAINC1,1,"...","Personal income (thousands of dollars) ","Thousands of dollars",25707,29031,31878,35544,39383,46482,55173,59895,66057,79460,88045,105609,114255,121552,143159,152845,167160,179251,182865,202150,222622,247770,257221,274647,282954,289801,301805,318191,327628,352983,368752,383440,413243,429803,454173,505219,531203,571551,606763,627939,629336,663308,668438,674319,683099,723456,770497,819746,855857,884466,919521,980104,1036750,1047585,1118071,1207938
 "06043","Mariposa, CA",8,CAINC1,2,"...","Population (persons) 1/","Number of persons",5868,6139,6623,6832,7418,7877,8296,8683,9195,9685,10626,11201,11555,11798,11980,12310,12654,12873,13130,13514,13907,14446,15061,15565,15901,16171,16427,16784,16640,17053,16966,17101,17099,17243,17707,17844,17972,18219,18366,18412,18212,18301,18193,17901,17825,17725,17628,17468,17426,17322,17073,17133,17136,17095,16996,17048
 "06043","Mariposa, CA",8,CAINC1,3,"...","Per capita personal income (dollars) 2/","Dollars",4381,4729,4813,5203,5309,5901,6651,6898,7184,8204,8286,9429,9888,10303,11950,12416,13210,13925,13927,14959,16008,17151,17079,17645,17795,17921,18372,18958,19689,20699,21735,22422,24168,24926,25649,28313,29557,31371,33037,34105,34556,36244,36741,37669,38323,40816,43709,46928,49114,51060,53858,57206,60501,61280,65784,70855
 "06045","Mendocino, CA",8,CAINC1,1,"...","Personal income (thousands of dollars) ","Thousands of dollars",185554,201134,211290,245217,279573,310625,342687,397582,449272,523367,591579,655098,709548,738193,802039,877023,934991,1001602,1063628,1140992,1273999,1334333,1370591,1438119,1502162,1575402,1633646,1769857,1870359,1958455,2056045,2173703,2416028,2470066,2535724,2606789,2624447,2779494,2925839,3012196,3054619,3328567,3312742,3295336,3361037,3583511,3745679,3847743,4000436,4155689,4314307,4782184,5158878,4996532,5172576,5567917
 "06045","Mendocino, CA",8,CAINC1,2,"...","Population (persons) 1/","Number of persons",49733,51267,52008,52517,55063,56524,57243,58926,61122,62985,65018,67093,68385,69726,70700,71811,73390,74293,75320,76493,78444,80859,81729,81978,82126,82427,83277,83887,84370,85062,85665,86407,86841,87364,88140,88030,87981,87345,87071,87468,87722,87926,87989,88471,88772,89473,89880,90592,91487,91870,91775,91362,91303,90027,89354,89175
 "06045","Mendocino, CA",8,CAINC1,3,"...","Per capita personal income (dollars) 2/","Dollars",3731,3923,4063,4669,5077,5495,5987,6747,7350,8309,9099,9764,10376,10587,11344,12213,12740,13482,14121,14916,16241,16502,16770,17543,18291,19113,19617,21098,22169,23024,24001,25157,27821,28273,28769,29613,29830,31822,33603,34438,34822,37856,37650,37248,37861,40051,41674,42473,43727,45234,47010,52343,56503,55500,57889,62438
 "06047","Merced, CA",8,CAINC1,1,"...","Personal income (thousands of dollars) ","Thousands of dollars",389912,434859,460187,517524,612840,685840,783346,878577,964456,1017192,1170253,1332247,1362863,1461819,1529580,1772736,1911485,2059788,2280758,2394464,2608681,2786273,2913132,3107591,3205001,3281429,3168188,3479676,3582169,3789839,3991450,4213632,4554256,4852311,5309025,5803155,6024774,6196043,6951831,6716600,6775527,7185521,7738146,7902641,8269597,9079656,9400054,9575058,9919653,10148451,10728033,12456741,13654549,13543535,13776747,15278285
 "06047","Merced, CA",8,CAINC1,2,"...","Population (persons) 1/","Number of persons",101255,105275,108032,110548,114436,117949,121456,126358,126591,128435,131775,135625,139632,142766,147657,151357,155939,158988,162956,167749,172988,179953,186091,189489,193137,197798,195291,194819,198312,202264,206734,212258,218816,225351,231735,237180,242554,245338,248540,250538,252302,256765,259532,261286,262625,265204,267322,268786,272480,275602,279209,282963,284834,292034,294402,296774
 "06047","Merced, CA",8,CAINC1,3,"...","Per capita personal income (dollars) 2/","Dollars",3851,4131,4260,4681,5355,5815,6450,6953,7619,7920,8881,9823,9760,10239,10359,11712,12258,12956,13996,14274,15080,15483,15654,16400,16594,16590,16223,17861,18063,18737,19307,19851,20813,21532,22910,24467,24839,25255,27971,26809,26855,27985,29816,30245,31488,34236,35164,35623,36405,36823,38423,44023,47939,46377,46796,51481
 "06049","Modoc, CA",8,CAINC1,1,"...","Personal income (thousands of dollars) ","Thousands of dollars",31864,33740,37674,37523,50519,52886,54864,60622,56722,69921,82155,109912,98456,105807,113304,123171,112841,113490,123281,134437,144101,150919,157547,165577,179229,181493,182031,184637,191850,196427,209275,195335,210618,234306,239926,247380,261921,268601,287127,315502,334500,340213,345372,338857,343230,367448,382445,383518,380517,381904,407960,470393,483931,511854,519789,580383
 "06049","Modoc, CA",8,CAINC1,2,"...","Population (persons) 1/","Number of persons",7261,7531,7728,7778,7700,7907,7853,7970,8231,8291,8443,8689,8988,9268,9467,9630,9499,9368,9350,9361,9662,9677,9779,9859,9700,9835,9761,9864,9861,9611,9509,9406,9350,9362,9501,9605,9565,9617,9525,9551,9646,9696,9501,9336,9123,9037,9015,8898,8795,8738,8778,8677,8640,8625,8566,8491
 "06049","Modoc, CA",8,CAINC1,3,"...","Per capita personal income (dollars) 2/","Dollars",4388,4480,4875,4824,6561,6689,6986,7606,6891,8433,9731,12650,10954,11416,11968,12790,11879,12115,13185,14361,14914,15596,16111,16795,18477,18454,18649,18718,19455,20438,22008,20767,22526,25027,25253,25755,27383,27930,30145,33033,34678,35088,36351,36296,37622,40660,42423,43102,43265,43706,46475,54211,56011,59345,60680,68353
 "06051","Mono, CA",8,CAINC1,1,"...","Personal income (thousands of dollars) ","Thousands of dollars",15565,18289,21715,27353,33718,38351,45835,49681,50078,65992,78499,97496,109373,122281,123507,127602,134670,141601,146958,165743,182048,184056,183224,200521,215109,223885,231028,243563,261398,285523,312326,342415,393890,415470,457620,478683,518200,510842,515638,541848,537279,576424,586890,565771,561458,579553,590257,608931,683435,663504,727151,800644,842765,867358,916969,974797
 "06051","Mono, CA",8,CAINC1,2,"...","Population (persons) 1/","Number of persons",3780,4130,4529,5003,6447,6769,7141,7104,7335,7077,8192,8648,8916,9278,9225,8790,8806,8795,8916,9071,9514,10126,10044,10372,10917,11447,11649,11766,11998,12110,12589,12921,13224,13404,13352,13360,13474,13743,13678,13862,14008,14223,14260,14033,13638,13573,13386,13436,13382,13318,13237,13225,13263,13055,13207,12991
 "06051","Mono, CA",8,CAINC1,3,"...","Per capita personal income (dollars) 2/","Dollars",4118,4428,4795,5467,5230,5666,6419,6993,6827,9325,9582,11274,12267,13180,13388,14517,15293,16100,16483,18272,19135,18177,18242,19333,19704,19558,19832,20701,21787,23577,24809,26501,29786,30996,34274,35830,38459,37171,37698,39089,38355,40528,41156,40317,41169,42699,44095,45321,51071,49820,54933,60540,63543,66439,69431,75036
 "06053","Monterey, CA",8,CAINC1,1,"...","Personal income (thousands of dollars) ","Thousands of dollars",1259691,1364273,1537357,1643539,1839849,2050129,2188715,2290452,2521308,2899743,3122405,3503564,4029253,4268949,4759792,5106047,5403609,5841918,6221996,6589541,6958442,7391774,7569474,8212961,8352642,8372338,8913802,9242257,9900834,10777176,11518420,12681237,12874760,13026559,13657256,14034779,14526578,15699663,16344825,16417496,16449126,17079631,17462059,18256300,19005460,19989436,21593394,22267892,22772964,23001148,24504951,26807865,28527642,28634611,30339685,32358723
 "06053","Monterey, CA",8,CAINC1,2,"...","Population (persons) 1/","Number of persons",255128,248235,252730,254140,255261,263534,270976,275942,281545,284129,286882,292406,299677,306241,313698,321458,328102,335849,341268,345947,349872,357535,364805,371860,371002,352363,355486,362215,376794,387889,396267,402990,407082,408977,409725,408731,405139,401831,402376,406022,410263,416536,421275,425838,428497,431037,433948,437926,439011,439285,440023,440506,439245,436427,435637,436251
 "06053","Monterey, CA",8,CAINC1,3,"...","Per capita personal income (dollars) 2/","Dollars",4937,5496,6083,6467,7208,7779,8077,8300,8955,10206,10884,11982,13445,13940,15173,15884,16469,17394,18232,19048,19889,20674,20749,22086,22514,23761,25075,25516,26277,27784,29067,31468,31627,31852,33333,34337,35856,39070,40621,40435,40094,41004,41450,42871,44354,46375,49760,50849,51873,52360,55690,60857,64947,65611,69644,74175
 "06055","Napa, CA",8,CAINC1,1,"...","Personal income (thousands of dollars) ","Thousands of dollars",357485,381497,416801,448277,508478,578763,674732,745064,827296,943170,1055739,1166558,1325634,1426311,1519714,1655563,1786951,1919001,1998411,2181917,2413073,2568332,2719113,2840028,2955061,3085763,3219652,3452240,3669433,3945710,4305906,4739145,5185732,5274411,5339221,5408459,5708247,6035436,6283049,6330818,6228367,6390918,6644810,7334742,7603966,8212768,8890655,9415486,9595776,9657020,10194797,11412522,11911814,11999926,12830374,13673170
 "06055","Napa, CA",8,CAINC1,2,"...","Population (persons) 1/","Number of persons",76688,79562,81771,83208,87718,90759,93627,94964,96521,96437,98789,99331,99662,101178,101549,101902,103014,104237,105010,106130,108662,111284,112233,114322,114972,116077,116697,117996,119808,121583,123026,124565,126818,128744,130138,130387,130381,131440,132583,134093,135280,136790,137859,138847,140017,140979,141566,141730,140922,139877,139087,137465,136219,134492,133444,132727
 "06055","Napa, CA",8,CAINC1,3,"...","Per capita personal income (dollars) 2/","Dollars",4662,4795,5097,5387,5797,6377,7207,7846,8571,9780,10687,11744,13301,14097,14965,16247,17347,18410,19031,20559,22207,23079,24227,24842,25702,26584,27590,29257,30628,32453,35000,38046,40891,40968,41027,41480,43781,45918,47390,47212,46041,46721,48200,52826,54307,58255,62802,66433,68093,69039,73298,83021,87446,89224,96148,103017
 "06057","Nevada, CA",8,CAINC1,1,"...","Personal income (thousands of dollars) ","Thousands of dollars",97001,108573,122940,140245,162492,188706,223253,265836,311089,371055,429448,509570,578191,619678,691154,803453,877921,971043,1047740,1186052,1332430,1446029,1526421,1620419,1683934,1779254,1872520,1986855,2155532,2376968,2533443,2876540,3165091,3208354,3357841,3651826,3795752,4104776,4307045,4300956,4305512,4512796,4674817,4806974,4858103,5119284,5313879,5565078,5669101,5821249,6165852,6654991,7309781,7333900,7781463,8210982
 "06057","Nevada, CA",8,CAINC1,2,"...","Population (persons) 1/","Number of persons",25264,26593,27421,28669,31307,32975,34629,37383,40537,44623,48351,52568,56160,59087,60782,62829,65287,67718,70556,73369,76133,79172,81288,82920,83887,85185,86523,87861,89137,90170,90899,92520,93715,94647,95606,96512,97250,97549,97794,98200,98591,98858,99036,98741,98801,99692,100060,100539,101277,101583,102016,102267,103499,102356,102086,102195
 "06057","Nevada, CA",8,CAINC1,3,"...","Per capita personal income (dollars) 2/","Dollars",3839,4083,4483,4892,5190,5723,6447,7111,7674,8315,8882,9694,10295,10488,11371,12788,13447,14340,14850,16166,17501,18264,18778,19542,20074,20887,21642,22614,24182,26361,27871,31091,33774,33898,35122,37838,39031,42079,44042,43798,43670,45649,47203,48683,49171,51351,53107,55352,55976,57305,60440,65075,70627,71651,76225,80346
 "06059","Orange, CA",8,CAINC1,1,"...","Personal income (thousands of dollars) ","Thousands of dollars",6636881,7268635,7840175,8874824,10019419,11328476,12763654,14533896,16687152,19434975,22419774,25869273,29478563,31284854,33757954,37857802,41242977,44475398,48100244,52775252,56824272,60257802,62355575,65921297,67316262,69503792,73335478,78731612,84945687,92288690,98642655,108236847,112811520,115401544,122017588,129282291,137739425,147668004,148546895,146609596,137983604,146752367,156467073,167428549,166542339,173769675,187042532,194223700,202337241,210648610,221785219,239226060,258628044,267134967,282269399,298128817
 "06059","Orange, CA",8,CAINC1,2,"...","Population (persons) 1/","Number of persons",1376796,1432621,1484217,1536789,1607146,1669064,1725693,1772685,1812147,1853136,1891962,1948067,2004806,2045925,2088886,2123362,2171930,2228895,2281486,2333101,2383920,2418986,2452691,2497014,2532639,2566599,2603678,2643996,2709277,2773187,2815933,2854513,2885457,2908245,2929376,2941711,2940055,2932261,2931629,2957593,2987177,3016780,3052224,3082360,3110533,3133414,3157464,3174414,3185916,3188957,3185850,3186261,3159351,3158489,3154563,3170435
 "06059","Orange, CA",8,CAINC1,3,"...","Per capita personal income (dollars) 2/","Dollars",4821,5074,5282,5775,6234,6787,7396,8199,9208,10488,11850,13279,14704,15291,16161,17829,18989,19954,21083,22620,23836,24910,25423,26400,26579,27080,28166,29778,31354,33279,35030,37918,39097,39681,41653,43948,46849,50360,50670,49571,46192,48645,51263,54318,53541,55457,59238,61184,63510,66056,69616,75080,81861,84577,89480,94034
 "06061","Placer, CA",8,CAINC1,1,"...","Personal income (thousands of dollars) ","Thousands of dollars",321996,358492,397642,444821,505118,581453,665262,768843,872858,1032587,1198731,1385574,1556500,1683448,1867287,2112253,2339902,2570614,2814075,3152780,3538546,3886263,4214211,4523713,4776758,5222170,5763118,6335536,6930394,7670831,8545535,9376679,10677108,11081187,11989100,13084765,13883631,14917218,15436945,16135597,15886887,16691044,17691189,18866670,19386534,20439566,21893973,23059644,24314724,25586686,27150590,29725079,32886037,33705721,35628496,38068254
 "06061","Placer, CA",8,CAINC1,2,"...","Population (persons) 1/","Number of persons",75693,78215,80905,83119,85493,88238,90854,95382,99562,107673,112758,118332,122444,126216,128535,132575,136789,141432,147363,153610,162658,175477,181611,187268,192655,199290,207071,214726,222168,231179,240928,251012,263615,276907,290726,302841,312762,321934,329023,337568,343810,350070,356636,360834,366232,370308,374188,380615,387169,394807,401241,405951,412968,418439,424599,433822
 "06061","Placer, CA",8,CAINC1,3,"...","Per capita personal income (dollars) 2/","Dollars",4254,4583,4915,5352,5908,6590,7322,8061,8767,9590,10631,11709,12712,13338,14527,15933,17106,18176,19096,20525,21755,22147,23205,24156,24794,26204,27832,29505,31194,33181,35469,37356,40503,40018,41238,43207,44390,46336,46918,47800,46208,47679,49606,52286,52935,55196,58511,60585,62801,64808,67667,73223,79633,80551,83911,87751
 "06063","Plumas, CA",8,CAINC1,1,"...","Personal income (thousands of dollars) ","Thousands of dollars",50151,52439,55950,61313,69600,78435,90276,100414,112843,132002,149566,168024,185348,190946,211021,227596,242242,256705,270291,287264,317668,334679,357830,380299,400424,408971,417079,450085,481518,493100,513741,535726,599449,610282,644159,691093,690070,723128,737862,759202,759183,785609,784030,764527,772589,813656,830092,855026,884140,926506,975771,1076893,1173329,1173684,1248118,1347930
 "06063","Plumas, CA",8,CAINC1,2,"...","Population (persons) 1/","Number of persons",11637,11778,12125,12509,13139,13577,13991,14185,15077,15760,16701,17440,17808,18176,18024,18154,18606,18693,19014,19316,19410,19826,20167,20736,20931,20786,20823,20780,20853,20831,20921,20754,20820,20866,20957,21000,21010,20762,20667,20410,20169,19935,19820,19560,19161,18972,18856,19191,19260,19491,19793,19761,19965,19433,19120,18834
 "06063","Plumas, CA",8,CAINC1,3,"...","Per capita personal income (dollars) 2/","Dollars",4310,4452,4614,4902,5297,5777,6452,7079,7484,8376,8956,9634,10408,10505,11708,12537,13020,13733,14215,14872,16366,16881,17743,18340,19131,19675,20030,21660,23091,23671,24556,25813,28792,29248,30737,32909,32845,34829,35702,37198,37641,39409,39558,39086,40321,42887,44023,44553,45906,47535,49299,54496,58769,60396,65278,71569
 "06065","Riverside, CA",8,CAINC1,1,"...","Personal income (thousands of dollars) ","Thousands of dollars",1862159,2083357,2279187,2547631,2870842,3218118,3655601,4150973,4702798,5477054,6196778,7165648,8251827,8969315,9910652,11286051,12616103,14121690,15616273,17710890,20088790,22314393,23077988,24189445,25005703,25769329,26808100,28244072,29884880,32824396,35056724,38004183,41218539,43744227,47608106,51793918,56459272,61970346,65362924,66699393,65721385,68136070,72179702,73771301,76069949,79630223,84597340,88997439,92451456,96994918,103647288,115415017,126651219,127575613,133563233,142697421
 "06065","Riverside, CA",8,CAINC1,2,"...","Population (persons) 1/","Number of persons",450477,460682,477557,493221,497917,515875,528632,548029,577957,611852,640044,669473,693249,719842,746898,783202,825685,871209,930059,995977,1084568,1193156,1246326,1286364,1315090,1346651,1373034,1393732,1423934,1461916,1507912,1558985,1616634,1687147,1771656,1856542,1931785,2012370,2075183,2109712,2146725,2199892,2225473,2245681,2264308,2286762,2309475,2336394,2364473,2387939,2403591,2424663,2455225,2479628,2503549,2529933
 "06065","Riverside, CA",8,CAINC1,3,"...","Per capita personal income (dollars) 2/","Dollars",4134,4522,4773,5165,5766,6238,6915,7574,8137,8952,9682,10703,11903,12460,13269,14410,15280,16209,16791,17782,18522,18702,18517,18805,19014,19136,19525,20265,20988,22453,23249,24378,25497,25928,26872,27898,29226,30795,31497,31615,30615,30972,32433,32850,33595,34822,36631,38092,39100,40619,43122,47600,51584,51449,53350,56404
 "06067","Sacramento, CA",8,CAINC1,1,"...","Personal income (thousands of dollars) ","Thousands of dollars",2732854,3052926,3339607,3659320,3998873,4463517,4994713,5537299,6145803,7013224,7919078,8803887,9734532,10494750,11349917,12669262,14080704,15348684,16532049,18010477,19825738,21679195,22893505,24139087,24513123,25604883,27105656,27988671,29481957,31641394,33738822,36858697,39940366,41614128,44002328,46205070,47934433,50639376,52911997,54460290,53374111,54432590,56971040,58911556,60921536,64560357,69100516,71627441,74690008,78526608,82829648,91355811,98181711,99000141,104260801,112291560
 "06067","Sacramento, CA",8,CAINC1,2,"...","Population (persons) 1/","Number of persons",618673,637288,653795,669351,669930,683553,697353,711755,727571,748281,768490,788275,806297,832148,852626,869581,891113,916044,948523,979279,1008753,1075819,1107559,1121523,1127608,1130094,1140825,1155635,1169855,1186617,1206659,1229940,1266257,1301079,1328531,1348932,1360816,1369563,1381161,1394438,1408601,1422042,1437021,1450783,1465896,1486089,1507458,1527967,1547198,1561413,1576171,1586727,1588824,1588743,1594506,1611231
 "06067","Sacramento, CA",8,CAINC1,3,"...","Per capita personal income (dollars) 2/","Dollars",4417,4790,5108,5467,5969,6530,7162,7780,8447,9372,10305,11169,12073,12612,13312,14569,15801,16755,17429,18392,19654,20151,20670,21523,21739,22657,23760,24219,25201,26665,27961,29968,31542,31984,33121,34253,35225,36975,38310,39055,37892,38278,39645,40607,41559,43443,45839,46878,48274,50292,52551,57575,61795,62314,65388,69693
 "06069","San Benito, CA",8,CAINC1,1,"...","Personal income (thousands of dollars) ","Thousands of dollars",76759,76426,82790,93200,110675,119785,129632,139362,163607,182927,204612,247814,271898,298737,331033,374405,405421,449031,488451,538880,597176,650121,672454,717233,779647,835802,924287,1011470,1125333,1249965,1364398,1549113,1514214,1524988,1602397,1673434,1730909,1846460,1982210,1992589,1958293,1995967,2073624,2150991,2257136,2344649,2574650,2751653,2936976,3094215,3418981,3913642,4162157,4226425,4444976,4838868
 "06069","San Benito, CA",8,CAINC1,2,"...","Population (persons) 1/","Number of persons",18103,18249,18673,19087,19658,20202,20916,21870,22757,23638,24319,25194,25905,26916,27758,28959,30392,31649,32952,34374,36137,36835,37329,38321,39495,40786,42334,44169,46707,49071,51467,53781,54644,55056,55198,54849,54647,54124,54072,54267,54436,55554,56144,56794,57450,58061,58486,59520,60480,61745,63173,64533,66703,67715,68341,69159
 "06069","San Benito, CA",8,CAINC1,3,"...","Per capita personal income (dollars) 2/","Dollars",4240,4188,4434,4883,5630,5929,6198,6372,7189,7739,8414,9836,10496,11099,11926,12929,13340,14188,14823,15677,16525,17650,18014,18716,19740,20492,21833,22900,24093,25473,26510,28804,27711,27699,29030,30510,31674,34115,36659,36718,35974,35928,36934,37874,39289,40383,44022,46231,48561,50113,54121,60646,62398,62415,65041,69967
 "06071","San Bernardino, CA",8,CAINC1,1,"...","Personal income (thousands of dollars) ","Thousands of dollars",2541741,2827361,3047138,3400374,3743575,4207615,4758535,5355557,5994319,6889969,7823185,9007386,10303144,11079582,12145663,13545156,15133267,16724819,18490156,20350599,22533276,24848713,25858507,27052309,27584778,28292040,29237121,30450233,32144782,34622552,36586639,39032415,41607663,43830586,46902813,50666235,53672712,57000688,59530236,60038616,58313759,60067589,63385754,64760552,66327570,69951380,74258677,77453102,80031472,83514331,89202022,99003275,109157423,108075879,111575931,119551968
 "06071","San Bernardino, CA",8,CAINC1,2,"...","Population (persons) 1/","Number of persons",671688,682857,693604,696255,704268,713868,719939,734488,769670,823881,856803,902956,932934,966760,996565,1027817,1072242,1124169,1192197,1271189,1352911,1437315,1492824,1534977,1549427,1558854,1576773,1596584,1618438,1646304,1681601,1718037,1760731,1799791,1846115,1899065,1943924,1974140,1992161,2003735,2013960,2040648,2059818,2071687,2080078,2095700,2111085,2126834,2145333,2160491,2171521,2183526,2190877,2196029,2200805,2214281
 "06071","San Bernardino, CA",8,CAINC1,3,"...","Per capita personal income (dollars) 2/","Dollars",3784,4140,4393,4884,5316,5894,6610,7292,7788,8363,9131,9975,11044,11461,12188,13179,14114,14877,15509,16009,16655,17288,17322,17624,17803,18149,18542,19072,19862,21030,21757,22719,23631,24353,25406,26680,27610,28874,29882,29963,28955,29436,30773,31260,31887,33379,35176,36417,37305,38655,41078,45341,49824,49214,50698,53991
 "06073","San Diego, CA",8,CAINC1,1,"...","Personal income (thousands of dollars) ","Thousands of dollars",6339971,7021079,7542007,8389601,9259626,10346671,11572053,12917968,14430966,16558724,18774001,21685978,24698953,26757854,28912657,32379386,35556806,38759351,41708359,45984919,49948206,52758991,55086852,57793795,59109878,60830019,63598316,67787222,72194802,79975393,86904668,95225126,98120504,102400239,108141089,116704322,121815272,128126344,131979831,135317499,131278107,136161972,144475867,151092176,155648494,164691400,174081824,180838809,187630531,194949226,204627597,222761986,240062927,246463680,262611416,278127534
 "06073","San Diego, CA",8,CAINC1,2,"...","Population (persons) 1/","Number of persons",1340989,1365976,1391925,1433126,1499594,1540667,1616907,1642781,1715527,1775410,1827602,1875620,1927018,1972354,2018133,2066419,2126090,2196834,2275309,2364284,2444380,2512365,2553122,2593126,2599776,2614685,2623697,2651549,2692600,2736720,2789593,2827366,2869672,2900355,2914702,2930007,2938375,2947289,2975742,3022116,3061203,3102369,3132770,3167098,3199163,3234108,3262051,3283104,3293086,3302976,3297378,3301182,3274244,3283755,3285890,3298799
 "06073","San Diego, CA",8,CAINC1,3,"...","Per capita personal income (dollars) 2/","Dollars",4728,5140,5418,5854,6175,6716,7157,7863,8412,9327,10272,11562,12817,13566,14326,15669,16724,17643,18331,19450,20434,21000,21576,22287,22737,23265,24240,25565,26812,29223,31153,33680,34192,35306,37102,39831,41457,43473,44352,44776,42884,43890,46118,47707,48653,50923,53366,55082,56977,59022,62058,67479,73319,75055,79921,84312
 "06075","San Francisco, CA",8,CAINC1,1,"...","Personal income (thousands of dollars) ","Thousands of dollars",4303674,4650734,4930322,5283807,5615079,6114566,6678535,7180905,7805609,8565004,9404935,10364992,11659527,12440944,13559457,14861342,15760763,16813900,17394284,19427904,20201459,21212227,22662947,23545481,24160416,24832594,27017758,28996917,30741072,34823641,38173428,44240836,44204835,42577559,42566514,45142119,49436002,54879829,57934719,59108238,57337427,60634263,65202071,71831160,73391437,81851860,89619269,96454751,103185030,111996017,112277739,119725318,130747503,125186977,132976966,141918003
 "06075","San Francisco, CA",8,CAINC1,2,"...","Population (persons) 1/","Number of persons",726294,712874,708077,700199,699954,698372,686069,686114,679424,677663,675835,680830,686915,695546,704809,713196,727977,737396,736499,730471,725889,723496,729708,734861,740277,742316,746386,753934,762953,770262,774716,777885,780865,772723,766160,761325,763016,768650,778673,791152,801922,805604,816119,829730,840802,852366,865025,873473,879941,882486,881976,874826,815498,814176,819151,827526
 "06075","San Francisco, CA",8,CAINC1,3,"...","Per capita personal income (dollars) 2/","Dollars",5926,6524,6963,7546,8022,8755,9734,10466,11489,12639,13916,15224,16974,17887,19238,20838,21650,22802,23618,26596,27830,29319,31058,32041,32637,33453,36198,38461,40292,45210,49274,56873,56610,55101,55558,59294,64790,71398,74402,74712,71500,75266,79893,86572,87287,96029,103603,110427,117264,126910,127302,136856,160328,153759,162335,171497
 "06077","San Joaquin, CA",8,CAINC1,1,"...","Personal income (thousands of dollars) ","Thousands of dollars",1186141,1278250,1390528,1528236,1704543,1936888,2130146,2320183,2556555,2868968,3245372,3692042,4074063,4345740,4581048,5147670,5581037,6024869,6537738,7075501,7661053,8145851,8548667,9144624,9536166,9896072,10220541,10793569,11485151,12209769,13053550,14217941,15503288,16207947,17311544,18460590,19508041,20601739,21354780,21496351,21657011,22406240,22918431,23605656,24541217,25983911,27994154,29427807,30735741,32261357,34997298,40306154,44187154,44932867,46871534,51428988
 "06077","San Joaquin, CA",8,CAINC1,2,"...","Population (persons) 1/","Number of persons",284769,291488,296167,300221,303896,306658,309750,317671,320840,332685,338384,350304,361462,373479,385721,398731,416042,430786,445726,457138,466863,484131,492694,500278,506385,512212,517923,524657,531908,540257,552424,567885,591207,609041,626778,642898,656985,662812,668080,671692,677736,687419,695787,702187,705793,716476,728317,740281,752124,762646,772845,780676,788096,795880,805909,816108
 "06077","San Joaquin, CA",8,CAINC1,3,"...","Per capita personal income (dollars) 2/","Dollars",4165,4385,4695,5090,5609,6316,6877,7304,7968,8624,9591,10540,11271,11636,11877,12910,13415,13986,14668,15478,16410,16826,17351,18279,18832,19320,19734,20573,21592,22600,23630,25037,26223,26612,27620,28715,29693,31082,31964,32003,31955,32595,32939,33617,34771,36266,38437,39752,40865,42302,45284,51630,56068,56457,58160,63017
 "06079","San Luis Obispo, CA",8,CAINC1,1,"...","Personal income (thousands of dollars) ","Thousands of dollars",370319,410874,455874,513809,581196,673901,767457,874841,975928,1152991,1312378,1487385,1671514,1795502,2167812,2380254,2551135,2777390,3005305,3309864,3661992,3832943,4014762,4245676,4396812,4565415,4827176,5199126,5584747,6024568,6402356,6937188,7629514,7917931,8246374,8771515,9138390,9832504,10414683,10522162,10463289,10809063,11443277,11971219,12342485,13091879,13980423,14406406,15144287,15708604,16679450,17812663,19186225,19494705,20663641,21860772
 "06079","San Luis Obispo, CA",8,CAINC1,2,"...","Population (persons) 1/","Number of persons",102648,106280,109301,115484,119843,125535,126456,134260,138635,145914,150850,156786,161886,166563,171365,177566,185248,192497,199345,204261,213314,218276,219895,221848,223370,226228,229370,232976,236601,240020,243480,247839,251462,253083,254674,256842,258615,260498,262770,266358,268145,269796,271038,274141,275666,278210,280062,281794,282368,283130,282594,281924,279468,282535,282007,281843
 "06079","San Luis Obispo, CA",8,CAINC1,3,"...","Per capita personal income (dollars) 2/","Dollars",3608,3866,4171,4449,4850,5368,6069,6516,7040,7902,8700,9487,10325,10780,12650,13405,13771,14428,15076,16204,17167,17560,18258,19138,19684,20181,21045,22316,23604,25100,26295,27991,30341,31286,32380,34151,35336,37745,39634,39504,39021,40064,42220,43668,44773,47058,49919,51124,53633,55482,59023,63182,68653,68999,73274,77564
 "06081","San Mateo, CA",8,CAINC1,1,"...","Personal income (thousands of dollars) ","Thousands of dollars",3123287,3396500,3614125,3903300,4242250,4686917,5203716,5657978,6173345,6914238,7738084,8799062,10001006,10766169,11641266,12979192,13796553,14604496,15329232,16771184,18143660,19058550,19867005,20981021,21956599,22884977,24599590,27490226,28360573,31716172,36311822,42576490,41192380,38345665,38611889,41275061,44407263,49137446,52044731,52369664,50831237,52631124,57392287,63988582,64197935,68912173,76041603,79961246,87958938,95143957,99156583,107790429,129020524,118742219,125587893,133465215
 "06081","San Mateo, CA",8,CAINC1,2,"...","Population (persons) 1/","Number of persons",552230,557022,556302,559525,567149,568431,575390,580571,581775,582630,585612,588442,591734,595851,606455,613706,620182,621584,628256,636614,646078,650174,655493,662931,669581,674871,679690,687243,697512,702651,704538,707820,705621,697628,693057,690161,690078,690176,693849,703830,713617,720041,729410,740539,750343,759237,767435,770258,771360,771485,768257,762727,739330,732485,734267,742893
 "06081","San Mateo, CA",8,CAINC1,3,"...","Per capita personal income (dollars) 2/","Dollars",5656,6098,6497,6976,7480,8245,9044,9746,10611,11867,13214,14953,16901,18069,19196,21149,22246,23496,24400,26344,28083,29313,30308,31649,32792,33910,36192,40001,40660,45138,51540,60152,58377,54966,55712,59805,64351,71196,75009,74407,71230,73095,78683,86408,85558,90765,99085,103811,114031,123326,129067,141322,174510,162109,171038,179656
 "06083","Santa Barbara, CA",8,CAINC1,1,"...","Personal income (thousands of dollars) ","Thousands of dollars",1241440,1338257,1429790,1570222,1743627,1920803,2119517,2347422,2583164,2951811,3315142,3777589,4298415,4646166,5039726,5657590,6099114,6495333,6827841,7417245,8014861,8302980,8782827,9125722,9318781,9635415,9842131,10288012,10566060,11511682,12192921,13259118,13640290,13609982,14327198,15951134,16797952,18047808,18582421,18729230,18463488,19159070,20369091,21509851,21378868,22648262,24099747,24476667,25499526,26706505,27972670,30969628,33613226,34927083,37046666,39270189
 "06083","Santa Barbara, CA",8,CAINC1,2,"...","Population (persons) 1/","Number of persons",261991,265291,269930,276957,277414,278431,282626,286075,290381,295397,295423,300191,305588,313073,322294,329133,338569,345651,352021,355810,365695,370565,374910,378003,380064,384226,384582,386108,391290,394738,396906,399990,403164,405178,406810,407284,408079,408085,411243,415859,420356,424291,425771,430298,435461,440173,443597,445953,447134,447567,448189,448083,437117,445286,443521,444500
 "06083","Santa Barbara, CA",8,CAINC1,3,"...","Per capita personal income (dollars) 2/","Dollars",4738,5044,5297,5670,6285,6899,7499,8206,8896,9993,11222,12584,14066,14841,15637,17189,18014,18792,19396,20846,21917,22406,23426,24142,24519,25077,25592,26645,27003,29163,30720,33149,33833,33590,35218,39165,41163,44226,45186,45037,43923,45155,47840,49988,49095,51453,54328,54886,57029,59670,62413,69116,76898,78437,83529,88347
 "06085","Santa Clara, CA",8,CAINC1,1,"...","Personal income (thousands of dollars) ","Thousands of dollars",5049817,5457701,5873789,6517149,7271881,8156913,9058941,10109837,11317283,12996517,15047426,17360388,19705031,21589951,23838373,26608260,28272245,29345144,31067512,34104703,36597595,38413379,40035007,43010758,43799469,45590697,50223641,54615351,59795952,64691969,72804300,90972140,86652219,81080049,81610228,84004175,88596765,97429342,105735553,106074055,100287631,108733666,119185630,132084416,134103796,146464866,161471908,175007448,190293049,207881196,218812289,235337536,272410237,267278720,283486355,303627499
 "06085","Santa Clara, CA",8,CAINC1,2,"...","Population (persons) 1/","Number of persons",1033442,1071425,1100482,1138754,1163918,1164621,1192772,1206702,1231639,1260365,1271379,1301515,1324722,1345039,1374018,1396226,1419520,1429933,1447591,1472234,1498121,1498307,1513118,1531886,1549185,1561366,1580245,1608695,1637414,1658960,1671498,1684947,1688082,1669348,1663592,1663167,1675312,1691159,1712026,1740964,1765137,1786576,1814769,1842795,1873543,1901084,1927838,1942556,1948968,1951006,1943736,1924802,1878320,1883653,1897137,1926325
 "06085","Santa Clara, CA",8,CAINC1,3,"...","Per capita personal income (dollars) 2/","Dollars",4886,5094,5337,5723,6248,7004,7595,8378,9189,10312,11836,13339,14875,16052,17349,19057,19917,20522,21462,23165,24429,25638,26459,28077,28273,29199,31782,33950,36519,38995,43556,53991,51332,48570,49057,50509,52884,57611,61760,60928,56816,60861,65675,71676,71578,77043,83758,90091,97638,106551,112573,122266,145029,141894,149429,157620
 "06087","Santa Cruz, CA",8,CAINC1,1,"...","Personal income (thousands of dollars) ","Thousands of dollars",508952,558375,623329,707795,820147,937464,1063053,1217157,1397624,1611473,1837539,2137179,2423733,2593549,2919166,3234512,3432447,3682206,3934416,4322252,4586161,4982088,5185505,5534753,5747171,5970796,6372002,6858932,7273999,7869531,8683079,10053726,10142071,9924226,10014837,10365570,10411179,10987816,11564815,11970815,11780483,12854613,13060271,13782878,14052964,14653925,15572810,16070715,17075441,17767743,18960307,20914739,23107862,22022517,23102260,24556016
 "06087","Santa Cruz, CA",8,CAINC1,2,"...","Population (persons) 1/","Number of persons",122243,124788,129886,141878,145347,149828,158622,168026,175132,174865,184041,189305,193590,197353,201921,205964,212143,216661,221202,225700,231463,229616,229935,232912,235386,237714,239324,241168,245344,250889,253667,255835,256045,254531,253021,252356,251377,251616,253304,256520,260009,263175,264932,266401,268851,270882,273518,274504,274897,273749,272910,271768,260904,265851,263699,262406
 "06087","Santa Cruz, CA",8,CAINC1,3,"...","Per capita personal income (dollars) 2/","Dollars",4163,4475,4799,4989,5643,6257,6702,7244,7980,9216,9984,11290,12520,13142,14457,15704,16180,16995,17787,19150,19814,21697,22552,23763,24416,25118,26625,28440,29648,31367,34230,39298,39611,38990,39581,41075,41417,43669,45656,46666,45308,48844,49297,51737,52270,54097,56935,58545,62116,64905,69475,76958,88568,82838,87608,93580
 "06089","Shasta, CA",8,CAINC1,1,"...","Personal income (thousands of dollars) ","Thousands of dollars",289574,315205,348129,382075,434362,497975,562845,646233,728667,851500,974387,1083823,1179071,1260809,1371784,1512774,1615584,1743758,1891321,2091468,2320681,2541316,2715625,2894627,3007500,3131922,3245271,3372914,3545918,3750072,3933273,4178405,4570506,4747237,4904820,5049240,5154715,5514294,5752222,5790524,5867230,6117096,6225086,6339555,6419867,6826076,7237895,7447216,7748179,7976743,8321824,9329532,9918584,9872161,10326269,11187620
 "06089","Shasta, CA",8,CAINC1,2,"...","Population (persons) 1/","Number of persons",76290,77980,79434,80656,84249,86651,92082,94909,100157,103572,112199,116590,120270,121513,122807,125322,128461,130119,132958,136627,140997,148606,153746,156800,157735,158621,159198,159737,160761,162034,161987,163615,166408,170198,173202,174867,175615,176166,176548,177247,177279,177349,177972,178556,179383,180128,179896,180391,181490,182041,182308,182190,182243,180972,180656,181121
 "06089","Shasta, CA",8,CAINC1,3,"...","Per capita personal income (dollars) 2/","Dollars",3796,4042,4383,4737,5156,5747,6112,6809,7275,8221,8684,9296,9804,10376,11170,12071,12576,13401,14225,15308,16459,17101,17663,18461,19067,19745,20385,21115,22057,23144,24281,25538,27466,27892,28318,28875,29352,31302,32582,32669,33096,34492,34978,35505,35789,37896,40234,41284,42692,43818,45647,51208,54425,54551,57160,61769
 "06091","Sierra, CA",8,CAINC1,1,"...","Personal income (thousands of dollars) ","Thousands of dollars",9138,9670,12820,12259,14952,15508,16473,20212,21277,23052,26341,29406,30393,33134,36259,39408,43894,46665,48506,51033,54250,51147,53089,57054,61188,61838,64420,69370,73341,76177,80283,83708,89919,85437,87516,88028,88629,90254,93449,93532,97145,103119,105608,109907,110659,115118,114905,118828,124641,127577,135185,146501,156405,164011,168028,176519
 "06091","Sierra, CA",8,CAINC1,2,"...","Population (persons) 1/","Number of persons",2387,2391,2444,2381,2469,2470,2699,2862,2898,2887,3037,3076,3083,3276,3292,3273,3270,3237,3251,3328,3310,3323,3336,3322,3395,3396,3466,3498,3488,3515,3480,3574,3518,3482,3511,3430,3378,3424,3373,3320,3248,3228,3138,3136,3128,3104,3148,3144,3227,3209,3237,3229,3298,3215,3180,3113
 "06091","Sierra, CA",8,CAINC1,3,"...","Per capita personal income (dollars) 2/","Dollars",3828,4044,5245,5149,6056,6279,6103,7062,7342,7985,8673,9560,9858,10114,11014,12040,13423,14416,14920,15334,16390,15392,15914,17175,18023,18209,18586,19831,21027,21672,23070,23421,25560,24537,24926,25664,26237,26359,27705,28172,29909,31945,33655,35047,35377,37087,36501,37795,38624,39756,41762,45370,47424,51014,52839,56704
 "06093","Siskiyou, CA",8,CAINC1,1,"...","Personal income (thousands of dollars) ","Thousands of dollars",130861,137628,149097,161325,191902,205815,225824,254946,267553,308623,344571,400191,414554,431425,454697,487230,504261,531655,559072,599524,650333,684712,721031,742962,770176,798843,822133,864165,887198,936244,964962,1017902,1071970,1109408,1138420,1208630,1203006,1284848,1343700,1417862,1374771,1429911,1486467,1485396,1501555,1595843,1727276,1780504,1828306,1868074,1921753,2182398,2333395,2291157,2365641,2599367
 "06093","Siskiyou, CA",8,CAINC1,2,"...","Population (persons) 1/","Number of persons",33022,33258,33382,33514,34318,34568,34947,35639,36581,37647,38781,39952,40757,41279,41212,41267,41586,41178,41403,42026,42851,43743,44035,44298,44150,44405,44760,44707,45030,44848,44424,44218,43908,43965,44287,44394,44641,44487,44465,44780,44788,44958,44709,44248,43776,43652,43640,43837,44152,44198,44307,43999,44144,43746,42941,42498
 "06093","Siskiyou, CA",8,CAINC1,3,"...","Per capita personal income (dollars) 2/","Dollars",3963,4138,4466,4814,5592,5954,6462,7154,7314,8198,8885,10017,10171,10451,11033,11807,12126,12911,13503,14266,15177,15653,16374,16772,17445,17990,18368,19330,19702,20876,21722,23020,24414,25234,25706,27225,26948,28881,30219,31663,30695,31805,33248,33570,34301,36558,39580,40616,41409,42266,43374,49601,52859,52374,55090,61164
 "06095","Solano, CA",8,CAINC1,1,"...","Personal income (thousands of dollars) ","Thousands of dollars",706139,786126,873836,959760,1061626,1215018,1381732,1522717,1709435,1964146,2210116,2529847,2844465,3126205,3451862,3830380,4257242,4652920,5028100,5503387,6100945,6822823,7098642,7488055,7763300,7791836,8000336,8322521,8825097,9434128,10120204,11212226,12201783,12626862,13109172,13492729,13872723,14607783,15280148,15542686,15393099,15593551,16111580,16405087,17030120,17772699,19027697,20112104,20892491,21899263,23381119,26552853,26959778,27390102,28512267,30830297
 "06095","Solano, CA",8,CAINC1,2,"...","Population (persons) 1/","Number of persons",168394,173238,178481,181259,183223,187439,191535,197971,204713,213619,224455,237456,246003,254348,260386,264416,271634,283617,296835,310048,326074,343463,354104,359919,364251,366072,365395,367608,371881,378657,387657,396974,404209,408226,408409,409301,408181,408402,408243,408972,410290,414115,417085,421014,425611,431556,436571,442637,447964,450949,453060,452887,450819,449724,451060,455101
 "06095","Solano, CA",8,CAINC1,3,"...","Per capita personal income (dollars) 2/","Dollars",4193,4538,4896,5295,5794,6482,7214,7692,8350,9195,9847,10654,11563,12291,13257,14486,15673,16406,16939,17750,18710,19865,20047,20805,21313,21285,21895,22640,23731,24915,26106,28244,30187,30931,32098,32965,33987,35768,37429,38004,37518,37655,38629,38966,40013,41183,43584,45437,46639,48563,51607,58630,59802,60904,63212,67744
 "06097","Sonoma, CA",8,CAINC1,1,"...","Personal income (thousands of dollars) ","Thousands of dollars",863519,957026,1063234,1205719,1370646,1552265,1773564,2023175,2289555,2664526,3043284,3478953,3963032,4234235,4652064,5212957,5665220,6125807,6543821,7203747,8048187,8676716,9077887,9580028,10049111,10537214,11002739,11851662,12790613,13855106,14718093,16754368,17723548,17729515,17971179,18142667,18648121,19893406,20589228,20444281,19922331,20748776,21654619,22636604,23447713,24800332,26783825,27836308,28988972,30283557,32341692,35466237,38011659,38026852,40300655,43116855
 "06097","Sonoma, CA",8,CAINC1,2,"...","Population (persons) 1/","Number of persons",200920,206003,212402,224091,237957,243028,253255,262654,273175,281442,291859,301586,308609,314636,321580,326863,335355,345270,356111,367893,380633,390495,397937,405151,410687,416152,422286,428399,437141,445901,453421,460421,465293,465298,466489,466809,465938,465188,467356,473091,479479,484628,486997,489361,493259,497518,499611,501269,500840,495669,490579,488501,484561,483398,483366,485375
 "06097","Sonoma, CA",8,CAINC1,3,"...","Per capita personal income (dollars) 2/","Dollars",4298,4646,5006,5380,5760,6387,7003,7703,8381,9467,10427,11536,12842,13458,14466,15948,16893,17742,18376,19581,21144,22220,22812,23646,24469,25321,26055,27665,29260,31072,32460,36389,38091,38104,38524,38865,40023,42764,44055,43214,41550,42814,44466,46257,47536,49848,53609,55532,57881,61096,65926,72602,78446,78666,83375,88832
 "06099","Stanislaus, CA",8,CAINC1,1,"...","Personal income (thousands of dollars) ","Thousands of dollars",716148,790180,854198,963489,1102270,1255143,1389427,1557694,1806559,2021879,2301180,2595449,2875244,3100058,3294041,3672533,4023459,4344097,4760137,5204216,5745288,6278185,6626703,6981760,7272225,7454708,7680906,8208391,8749461,9493394,9988190,10885523,11518272,12123574,12751049,13661815,14186303,14816291,15640729,15818549,15644187,16439145,17014910,17601548,18017956,19434810,20836373,21499589,22172349,22792301,23976063,26953234,28983618,28489025,29276612,31603234
 "06099","Stanislaus, CA",8,CAINC1,2,"...","Population (persons) 1/","Number of persons",191271,195578,199698,201644,215178,222484,229518,236293,246995,247280,260933,267852,275137,280737,288504,293879,301285,311154,323380,336063,353017,375312,386163,394725,401805,406274,410337,415159,421264,428754,438609,449471,463761,477469,487357,492613,500020,504651,507834,509032,511536,515199,517825,520895,524121,528870,534258,540539,546295,549905,552059,553710,552939,552410,553921,556972
 "06099","Stanislaus, CA",8,CAINC1,3,"...","Per capita personal income (dollars) 2/","Dollars",3744,4040,4277,4778,5123,5641,6054,6592,7314,8176,8819,9690,10450,11043,11418,12497,13354,13961,14720,15486,16275,16728,17160,17688,18099,18349,18719,19772,20770,22142,22772,24219,24837,25391,26164,27733,28371,29359,30799,31076,30583,31908,32858,33791,34377,36748,39001,39774,40587,41448,43430,48678,52417,51572,52853,56741
 "06101","Sutter, CA",8,CAINC1,1,"...","Personal income (thousands of dollars) ","Thousands of dollars",192421,204339,224528,250572,291808,342946,372788,372426,417274,454381,502094,584467,638119,637072,654735,755317,821931,851247,913170,975641,1073635,1126133,1248522,1347650,1411134,1505714,1575368,1636212,1701116,1817187,1976329,2054222,2044210,2129671,2284985,2461353,2570938,2812606,3046459,3198178,3243266,3264715,3347810,3316694,3479029,3520557,3786330,3902972,3966809,4168235,4374413,4917284,5314843,5167456,5322023,5700248
 "06101","Sutter, CA",8,CAINC1,2,"...","Population (persons) 1/","Number of persons",41775,42140,43040,43177,45051,46202,47419,48687,49473,50050,51681,52580,53818,55230,56762,56648,57599,58478,59780,61075,62704,64854,67153,69118,70675,72641,74253,75255,76314,76923,78216,79192,80138,82162,84671,86484,88764,91112,92959,93855,94366,94818,94845,94835,95443,96010,96815,97664,98360,98849,99714,99479,99121,98682,98457,98545
 "06101","Sutter, CA",8,CAINC1,3,"...","Per capita personal income (dollars) 2/","Dollars",4606,4849,5217,5803,6477,7423,7862,7649,8434,9079,9715,11116,11857,11535,11535,13334,14270,14557,15276,15974,17122,17364,18592,19498,19967,20728,21216,21742,22291,23623,25268,25940,25509,25920,26987,28460,28964,30870,32772,34076,34369,34431,35298,34973,36451,36669,39109,39963,40329,42168,43870,49430,53620,52365,54054,57844
 "06103","Tehama, CA",8,CAINC1,1,"...","Personal income (thousands of dollars) ","Thousands of dollars",107513,114847,120165,131773,153083,161279,172576,196016,226656,264955,297948,337510,366341,399859,423960,457733,488130,518866,544471,588298,636116,668462,702903,758642,778455,810219,852417,907455,943242,969724,1022492,1091945,1172590,1237780,1301277,1392803,1492005,1562884,1686786,1688580,1743262,1826560,1901761,1985538,1997274,2144884,2261405,2309054,2454516,2512451,2648591,2922467,3148627,3063422,3234326,3441782
 "06103","Tehama, CA",8,CAINC1,2,"...","Population (persons) 1/","Number of persons",29044,29614,30115,29971,30922,31880,32307,33357,34500,35936,37321,39165,40196,41329,42260,43203,44325,44845,45982,47173,48558,49913,51205,52189,52690,53670,54689,54943,55049,55394,55517,56170,56685,57380,58528,59571,60602,61587,62147,62648,62891,63590,63478,63467,63244,63276,63742,64173,64645,64835,66230,65690,65467,65269,64959,64451
 "06103","Tehama, CA",8,CAINC1,3,"...","Per capita personal income (dollars) 2/","Dollars",3702,3878,3990,4397,4951,5059,5342,5876,6570,7373,7983,8618,9114,9675,10032,10595,11013,11570,11841,12471,13100,13393,13727,14536,14774,15096,15587,16516,17135,17506,18418,19440,20686,21572,22233,23381,24620,25377,27142,26953,27719,28724,29959,31285,31580,33897,35477,35982,37969,38751,39991,44489,48095,46935,49790,53402
 "06105","Trinity, CA",8,CAINC1,1,"...","Personal income (thousands of dollars) ","Thousands of dollars",24847,26082,31386,35153,42406,48621,55034,62394,69833,79503,88605,99926,109660,112640,124263,133523,142171,151665,157085,170880,182539,188443,195780,208495,214188,219528,227042,236987,239866,245522,257738,265995,284816,295025,305423,315233,308536,317452,343020,357374,366819,385240,386509,384966,391001,418089,445463,450849,459881,482368,500010,535927,577947,572658,603562,659948
 "06105","Trinity, CA",8,CAINC1,2,"...","Population (persons) 1/","Number of persons",7261,7687,7939,8273,8763,9096,9594,9855,10511,11178,11600,11955,12323,12316,12467,12750,12881,12811,12715,13051,13145,13052,13097,13216,13268,13552,13525,13485,13278,13171,13050,12980,12859,13064,13210,13159,13440,13634,13648,13656,13762,13851,14167,14363,14681,14766,15120,15240,15526,15783,15908,16095,16102,15777,15684,15642
 "06105","Trinity, CA",8,CAINC1,3,"...","Per capita personal income (dollars) 2/","Dollars",3422,3393,3953,4249,4839,5345,5736,6331,6644,7112,7638,8359,8899,9146,9967,10472,11037,11839,12354,13093,13887,14438,14948,15776,16143,16199,16787,17574,18065,18641,19750,20493,22149,22583,23121,23956,22957,23284,25133,26170,26654,27813,27282,26803,26633,28314,29462,29583,29620,30563,31431,33298,35893,36297,38483,42191
 "06107","Tulare, CA",8,CAINC1,1,"...","Personal income (thousands of dollars) ","Thousands of dollars",639343,699055,759398,861181,1020924,1185031,1262161,1413389,1555218,1774904,2100850,2325361,2447085,2638507,2713309,2980925,3151158,3368741,3711424,3975591,4237036,4685090,4811690,5354554,5501760,5766801,5889479,6345020,6458182,6907420,7178263,7383689,8054064,8286627,8989578,9924459,10446401,10786304,12273479,12294116,12121968,13340455,14153502,14166005,14527758,15981107,16328948,17149047,17681249,17824523,18732496,21601769,23419634,22793015,23439844,25675091
 "06107","Tulare, CA",8,CAINC1,2,"...","Population (persons) 1/","Number of persons",185701,189191,194103,197643,201805,206589,213115,219123,225906,233220,240074,247426,253694,259759,267034,273255,280000,285767,291752,298075,304451,314062,323705,331956,339253,345668,348127,350732,354946,359854,364708,368627,373171,379568,388743,398226,407970,414921,422140,429283,436987,443074,447313,450715,453832,456915,459335,462017,465582,468272,470229,473944,476939,478288,480747,483546
 "06107","Tulare, CA",8,CAINC1,3,"...","Per capita personal income (dollars) 2/","Dollars",3443,3695,3912,4357,5059,5736,5922,6450,6884,7610,8751,9398,9646,10158,10161,10909,11254,11788,12721,13338,13917,14918,14864,16130,16217,16683,16918,18091,18195,19195,19682,20030,21583,21832,23125,24922,25606,25996,29074,28639,27740,30109,31641,31430,32011,34976,35549,37118,37977,38064,39837,45579,49104,47655,48757,53098
 "06109","Tuolumne, CA",8,CAINC1,1,"...","Personal income (thousands of dollars) ","Thousands of dollars",78490,84142,89915,95077,106182,127448,153240,182230,210213,244246,276934,316741,352154,371330,404972,450847,495944,552866,592915,647169,722569,790367,805833,873595,899874,932627,958034,1006088,1056991,1140764,1189266,1296464,1411914,1449499,1520223,1601608,1654324,1726423,1792197,1826131,1796407,1908357,1968693,1991885,1960445,2070631,2213043,2301639,2358873,2411046,2530898,2747999,2920031,2890835,3078775,3320024
 "06109","Tuolumne, CA",8,CAINC1,2,"...","Population (persons) 1/","Number of persons",21286,22360,23057,23264,24173,24871,25964,26520,28441,30775,32850,34205,35246,36259,37255,38058,39741,41583,43335,45029,46877,48845,50037,50806,51774,52068,51812,52474,52678,53098,53857,54658,55253,55850,56513,56602,56788,56680,56339,56320,55845,55192,54948,54454,54339,54306,54188,54430,54767,55175,55327,55397,55126,53951,54123,53893
 "06109","Tuolumne, CA",8,CAINC1,3,"...","Per capita personal income (dollars) 2/","Dollars",3687,3763,3900,4087,4393,5124,5902,6871,7391,7937,8430,9260,9991,10241,10870,11846,12479,13295,13682,14372,15414,16181,16105,17195,17381,17912,18491,19173,20065,21484,22082,23720,25554,25953,26900,28296,29132,30459,31811,32424,32168,34577,35828,36579,36078,38129,40840,42286,43071,43698,45744,49606,52970,53583,56885,61604
 "06111","Ventura, CA",8,CAINC1,1,"...","Personal income (thousands of dollars) ","Thousands of dollars",1567032,1675029,1846661,2086155,2368468,2697313,3067325,3415649,3925078,4631103,5233232,6077616,6887707,7500064,8137498,9069533,9877759,10814424,11764391,12936019,13955933,14969214,15632575,16199633,16970471,17651243,18814025,19570276,20825239,21786403,23407986,25583483,27275956,28078272,29702009,31719741,32871529,35153237,36590158,36911153,36220079,37914623,39733578,41338513,41728534,43769630,45901737,47265014,48791042,50711842,53196126,57156763,62577492,62171450,64929868,68971501
 "06111","Ventura, CA",8,CAINC1,2,"...","Population (persons) 1/","Number of persons",369811,381174,395691,408523,419461,433885,448918,460485,478695,494086,512189,532827,546389,562142,575586,588790,602819,615422,632062,650851,664692,670117,675706,684143,689943,698509,703486,710215,721107,730779,743357,756506,766689,779489,788070,793994,794197,798183,800027,806353,815130,825173,830053,833548,838106,842606,846209,847646,849106,848179,845277,843808,840009,835032,833071,835427
 "06111","Ventura, CA",8,CAINC1,3,"...","Per capita personal income (dollars) 2/","Dollars",4237,4394,4667,5107,5646,6217,6833,7418,8200,9373,10217,11406,12606,13342,14138,15404,16386,17572,18613,19876,20996,22338,23135,23679,24597,25270,26744,27555,28880,29813,31490,33818,35576,36021,37690,39950,41390,44042,45736,45775,44435,45947,47869,49593,49789,51946,54244,55760,57462,59789,62933,67737,74496,74454,77940,82558
 "06113","Yolo, CA",8,CAINC1,1,"...","Personal income (thousands of dollars) ","Thousands of dollars",404488,437451,487665,549040,618977,725770,792473,813956,924586,1019804,1149029,1313758,1426703,1477768,1530314,1733107,1855777,2005844,2171358,2299915,2581019,2847750,2985207,3100301,3190793,3413164,3621450,3756220,3991666,4165024,4440864,4721498,5222678,5426901,5773028,6146613,6386404,6949547,7481627,7839907,7881087,8033272,8633908,8872149,9148342,9678514,10307702,10654951,10961869,11304743,11982281,13019078,14128918,14242589,14949143,16002676
 "06113","Yolo, CA",8,CAINC1,2,"...","Population (persons) 1/","Number of persons",89817,92144,95307,101668,97694,99899,102227,101389,105909,111100,109575,113791,115238,117748,119398,120861,123769,125166,128526,133311,138252,142214,145100,146568,148165,149972,152628,155359,158876,161743,165269,169835,175337,180327,182954,185237,186269,189615,194339,197154,199791,200971,201480,203745,205093,206833,210102,213311,215851,217102,216678,217768,213545,223338,222919,225251
 "06113","Yolo, CA",8,CAINC1,3,"...","Per capita personal income (dollars) 2/","Dollars",4503,4747,5117,5400,6336,7265,7752,8028,8730,9179,10486,11545,12380,12550,12817,14340,14994,16025,16894,17252,18669,20024,20573,21153,21535,22759,23727,24178,25124,25751,26871,27801,29787,30095,31555,33182,34286,36651,38498,39765,39447,39972,42852,43545,44606,46794,49060,49950,50784,52071,55300,59784,66164,63771,67061,71044
 "06115","Yuba, CA",8,CAINC1,1,"...","Personal income (thousands of dollars) ","Thousands of dollars",158952,177653,191927,203054,219774,246766,266738,274899,312221,345897,392082,428177,462755,481604,496701,550767,589703,620629,665368,707674,769083,811435,864969,911424,916968,922708,946931,982036,1024843,1065097,1160210,1213994,1321941,1412863,1524685,1633543,1767578,1921902,2081867,2200447,2207822,2270974,2348702,2380889,2461991,2544858,2738968,2853823,2937225,3108945,3306197,3734479,4099652,4131783,4336290,4788160
 "06115","Yuba, CA",8,CAINC1,2,"...","Population (persons) 1/","Number of persons",44660,44964,45305,44328,44929,45161,45411,47292,47489,48275,48930,49808,50013,51175,51721,52404,53330,53778,54774,55841,57010,58645,59524,60768,61275,61877,61070,60905,60111,60093,59881,60372,61249,62100,62733,63742,66285,69272,70761,71773,71607,72389,72702,73169,73658,74280,74969,76028,77860,78881,80188,82001,83035,84335,85695,87469
 "06115","Yuba, CA",8,CAINC1,3,"...","Per capita personal income (dollars) 2/","Dollars",3559,3951,4236,4581,4892,5464,5874,5813,6575,7165,8013,8597,9253,9411,9603,10510,11058,11541,12148,12673,13490,13836,14531,14998,14965,14912,15506,16124,17049,17724,19375,20109,21583,22751,24304,25627,26666,27744,29421,30658,30832,31372,32306,32540,33425,34260,36535,37536,37724,39413,41231,45542,49373,48993,50601,54741
"Note: See the included footnote file."
"CAINC1: County personal income summary: personal income, population, per capita personal income "
"Last updated: February 5, 2026-- new statistics for 2024; revised statistics for 2020-2023."
"U.S. Bureau of Economic Analysis"
